id,surname,middle_name,first_name,orcid,gigadb_user_id,custom_name
147,Oleksyk,K,Taras,0000-0002-8148-3918,,
148,Guiblet,"",Wilfried,,,
149,Pombert,Francois,Jean,,,
150,Valentin,"",Ricardo,,,
151,Martinez-Cruzado,Carlos,Juan,,,
3789,Lambert,M,David,"",,
3790,Wang,"",Jun,"",,
3791,Zhang,"",Guojie,"",,
3792,Cheng,"",S,"",,
3793,Liu,"",X,"",,
3794,Pan,"",S,"",,
3795,Quan,"",Z,"",,
3796,Xie,"",M,"",,
3797,Xu,"",X,"",,
3798,Yue,"",Z,"",,
3799,Zeng,"",P,"",,
3800,Zhan,"",D,"",,
3801,Li,"",Y,"",,
3802,Zhao,"",Z,"",,
3803,Chang,C,C,"",,
3804,Chow,C,C,"",,
3805,Hsu,D,S,"",,
3806,Lee,J,J,"",,
3807,Vattikuti,"",S,"",,
3808,Alnasir,"",J,"",,
3809,Shanahan,"",H,"",,
